{"cameraMode":{"drawMode":0,"name":"Shaded","section":"Shading Mode"},"sceneLighting":true,"audioPlay":false,"sceneViewState":{"showFog":true,"showMaterialUpdate":false,"showSkybox":true,"showFlares":true,"showImageEffects":true,"showParticleSystems":true,"showVisualEffectGraphs":true,"m_FxEnabled":true},"in2DMode":false,"pivot":{"x":261.49859619140627,"y":227.8853759765625,"z":104.19720458984375},"rotation":{"x":-0.08570008724927902,"y":-0.011360440403223038,"z":0.0009763173875398934,"w":-0.9962570071220398},"size":321.49188232421877,"orthographic":false}