{"cameraMode":{"drawMode":0,"name":"Shaded","section":"Shading Mode"},"sceneLighting":false,"audioPlay":false,"sceneViewState":{"showFog":true,"showMaterialUpdate":false,"showSkybox":false,"showFlares":true,"showImageEffects":true,"showParticleSystems":true,"showVisualEffectGraphs":true,"m_FxEnabled":true},"in2DMode":false,"pivot":{"x":-0.024076461791992189,"y":0.7276666760444641,"z":-0.4077552556991577},"rotation":{"x":-0.11207237839698792,"y":0.8229791522026062,"z":-0.17438799142837525,"w":-0.5288970470428467},"size":4.524744987487793,"orthographic":false}